escenario,registros,consulta,fuente,primera_s,mediana_s,filas_resultado
2024,41829938,01_resumen_mensual,parquet,4.680219,2.762922,24
2024,41829938,01_resumen_mensual,duckdb,3.400624,1.027927,24
2024,41829938,02_distribucion_pago,parquet,0.853827,0.867064,12
2024,41829938,02_distribucion_pago,duckdb,0.764309,0.686316,12
2024,41829938,03_rutas_principales,parquet,1.083738,0.933616,40
2024,41829938,03_rutas_principales,duckdb,0.848408,0.752428,40
2026,30040469,01_resumen_mensual,parquet,1.494943,1.284241,18
2026,30040469,01_resumen_mensual,duckdb,0.684602,0.623734,18
2026,30040469,02_distribucion_pago,parquet,0.766217,0.626485,11
2026,30040469,02_distribucion_pago,duckdb,1.100731,0.53543,11
2026,30040469,03_rutas_principales,parquet,1.004941,0.764737,40
2026,30040469,03_rutas_principales,duckdb,0.632761,0.624936,40
2024+2026,71870407,01_resumen_mensual,parquet,6.310349,2.840323,42
2024+2026,71870407,01_resumen_mensual,duckdb,1.934042,1.840699,42
2024+2026,71870407,02_distribucion_pago,parquet,1.41115,1.369807,23
2024+2026,71870407,02_distribucion_pago,duckdb,1.288829,1.325373,23
2024+2026,71870407,03_rutas_principales,parquet,1.74695,2.001301,80
2024+2026,71870407,03_rutas_principales,duckdb,1.803021,1.640095,80
